method,mse,r2,train_time_s
closed_form,0.471510891284929,0.6401803565800596,0.024045228958129883
